Date,,0,Region
Jan 2005,Composite,301300,British_Columbia
Jan 2005,Single_family,383600,British_Columbia
Jan 2005,One_storey,294400,British_Columbia
Jan 2005,Two_storey,484500,British_Columbia
Jan 2005,Townhouse,247800,British_Columbia
Jan 2005,Apartment,194000,British_Columbia
Feb 2005,Composite,303000,British_Columbia
Feb 2005,Single_family,385200,British_Columbia
Feb 2005,One_storey,296400,British_Columbia
Feb 2005,Two_storey,485700,British_Columbia
Feb 2005,Townhouse,249600,British_Columbia
Feb 2005,Apartment,196000,British_Columbia
Mar 2005,Composite,305000,British_Columbia
Mar 2005,Single_family,387300,British_Columbia
Mar 2005,One_storey,299600,British_Columbia
Mar 2005,Two_storey,486500,British_Columbia
Mar 2005,Townhouse,250600,British_Columbia
Mar 2005,Apartment,198400,British_Columbia
Apr 2005,Composite,306500,British_Columbia
Apr 2005,Single_family,389300,British_Columbia
Apr 2005,One_storey,302300,British_Columbia
Apr 2005,Two_storey,487800,British_Columbia
Apr 2005,Townhouse,251700,British_Columbia
Apr 2005,Apartment,199400,British_Columbia
May 2005,Composite,308100,British_Columbia
May 2005,Single_family,390800,British_Columbia
May 2005,One_storey,303800,British_Columbia
May 2005,Two_storey,489200,British_Columbia
May 2005,Townhouse,253000,British_Columbia
May 2005,Apartment,200900,British_Columbia
Jun 2005,Composite,310400,British_Columbia
Jun 2005,Single_family,392500,British_Columbia
Jun 2005,One_storey,305900,British_Columbia
Jun 2005,Two_storey,490900,British_Columbia
Jun 2005,Townhouse,255100,British_Columbia
Jun 2005,Apartment,204300,British_Columbia
Jul 2005,Composite,314800,British_Columbia
Jul 2005,Single_family,398800,British_Columbia
Jul 2005,One_storey,310700,British_Columbia
Jul 2005,Two_storey,498400,British_Columbia
Jul 2005,Townhouse,258800,British_Columbia
Jul 2005,Apartment,206500,British_Columbia
Aug 2005,Composite,319400,British_Columbia
Aug 2005,Single_family,404900,British_Columbia
Aug 2005,One_storey,315600,British_Columbia
Aug 2005,Two_storey,505800,British_Columbia
Aug 2005,Townhouse,262200,British_Columbia
Aug 2005,Apartment,208700,British_Columbia
Sep 2005,Composite,325500,British_Columbia
Sep 2005,Single_family,411300,British_Columbia
Sep 2005,One_storey,321400,British_Columbia
Sep 2005,Two_storey,513100,British_Columbia
Sep 2005,Townhouse,266800,British_Columbia
Sep 2005,Apartment,216600,British_Columbia
Oct 2005,Composite,329800,British_Columbia
Oct 2005,Single_family,417200,British_Columbia
Oct 2005,One_storey,325500,British_Columbia
Oct 2005,Two_storey,521100,British_Columbia
Oct 2005,Townhouse,269400,British_Columbia
Oct 2005,Apartment,218700,British_Columbia
Nov 2005,Composite,335100,British_Columbia
Nov 2005,Single_family,424000,British_Columbia
Nov 2005,One_storey,331000,British_Columbia
Nov 2005,Two_storey,529100,British_Columbia
Nov 2005,Townhouse,274000,British_Columbia
Nov 2005,Apartment,221500,British_Columbia
Dec 2005,Composite,340000,British_Columbia
Dec 2005,Single_family,430700,British_Columbia
Dec 2005,One_storey,336600,British_Columbia
Dec 2005,Two_storey,537100,British_Columbia
Dec 2005,Townhouse,275300,British_Columbia
Dec 2005,Apartment,225000,British_Columbia
Jan 2006,Composite,345700,British_Columbia
Jan 2006,Single_family,436500,British_Columbia
Jan 2006,One_storey,341300,British_Columbia
Jan 2006,Two_storey,544400,British_Columbia
Jan 2006,Townhouse,282000,British_Columbia
Jan 2006,Apartment,229800,British_Columbia
Feb 2006,Composite,351100,British_Columbia
Feb 2006,Single_family,442900,British_Columbia
Feb 2006,One_storey,347300,British_Columbia
Feb 2006,Two_storey,551600,British_Columbia
Feb 2006,Townhouse,286400,British_Columbia
Feb 2006,Apartment,233900,British_Columbia
Mar 2006,Composite,355200,British_Columbia
Mar 2006,Single_family,447800,British_Columbia
Mar 2006,One_storey,350900,British_Columbia
Mar 2006,Two_storey,558300,British_Columbia
Mar 2006,Townhouse,289600,British_Columbia
Mar 2006,Apartment,237500,British_Columbia
Apr 2006,Composite,360600,British_Columbia
Apr 2006,Single_family,454100,British_Columbia
Apr 2006,One_storey,356900,British_Columbia
Apr 2006,Two_storey,565600,British_Columbia
Apr 2006,Townhouse,293500,British_Columbia
Apr 2006,Apartment,241200,British_Columbia
May 2006,Composite,366000,British_Columbia
May 2006,Single_family,460300,British_Columbia
May 2006,One_storey,362400,British_Columbia
May 2006,Two_storey,573200,British_Columbia
May 2006,Townhouse,298300,British_Columbia
May 2006,Apartment,244800,British_Columbia
Jun 2006,Composite,370800,British_Columbia
Jun 2006,Single_family,465600,British_Columbia
Jun 2006,One_storey,366400,British_Columbia
Jun 2006,Two_storey,581100,British_Columbia
Jun 2006,Townhouse,302800,British_Columbia
Jun 2006,Apartment,248000,British_Columbia
Jul 2006,Composite,375000,British_Columbia
Jul 2006,Single_family,470100,British_Columbia
Jul 2006,One_storey,369100,British_Columbia
Jul 2006,Two_storey,587600,British_Columbia
Jul 2006,Townhouse,306300,British_Columbia
Jul 2006,Apartment,251600,British_Columbia
Aug 2006,Composite,379600,British_Columbia
Aug 2006,Single_family,475300,British_Columbia
Aug 2006,One_storey,373600,British_Columbia
Aug 2006,Two_storey,594200,British_Columbia
Aug 2006,Townhouse,310600,British_Columbia
Aug 2006,Apartment,254900,British_Columbia
Sep 2006,Composite,382700,British_Columbia
Sep 2006,Single_family,479200,British_Columbia
Sep 2006,One_storey,375900,British_Columbia
Sep 2006,Two_storey,600700,British_Columbia
Sep 2006,Townhouse,311800,British_Columbia
Sep 2006,Apartment,257600,British_Columbia
Oct 2006,Composite,386200,British_Columbia
Oct 2006,Single_family,483400,British_Columbia
Oct 2006,One_storey,380300,British_Columbia
Oct 2006,Two_storey,604700,British_Columbia
Oct 2006,Townhouse,316400,British_Columbia
Oct 2006,Apartment,259000,British_Columbia
Nov 2006,Composite,388700,British_Columbia
Nov 2006,Single_family,486200,British_Columbia
Nov 2006,One_storey,382500,British_Columbia
Nov 2006,Two_storey,608700,British_Columbia
Nov 2006,Townhouse,318900,British_Columbia
Nov 2006,Apartment,260600,British_Columbia
Dec 2006,Composite,391800,British_Columbia
Dec 2006,Single_family,489800,British_Columbia
Dec 2006,One_storey,386000,British_Columbia
Dec 2006,Two_storey,612700,British_Columbia
Dec 2006,Townhouse,322400,British_Columbia
Dec 2006,Apartment,261400,British_Columbia
Jan 2007,Composite,395000,British_Columbia
Jan 2007,Single_family,494100,British_Columbia
Jan 2007,One_storey,390100,British_Columbia
Jan 2007,Two_storey,617500,British_Columbia
Jan 2007,Townhouse,324300,British_Columbia
Jan 2007,Apartment,263800,British_Columbia
Feb 2007,Composite,398500,British_Columbia
Feb 2007,Single_family,498000,British_Columbia
Feb 2007,One_storey,393400,British_Columbia
Feb 2007,Two_storey,622400,British_Columbia
Feb 2007,Townhouse,326200,British_Columbia
Feb 2007,Apartment,267200,British_Columbia
Mar 2007,Composite,401200,British_Columbia
Mar 2007,Single_family,500900,British_Columbia
Mar 2007,One_storey,395600,British_Columbia
Mar 2007,Two_storey,626100,British_Columbia
Mar 2007,Townhouse,329100,British_Columbia
Mar 2007,Apartment,269200,British_Columbia
Apr 2007,Composite,405000,British_Columbia
Apr 2007,Single_family,505100,British_Columbia
Apr 2007,One_storey,399200,British_Columbia
Apr 2007,Two_storey,632000,British_Columbia
Apr 2007,Townhouse,331400,British_Columbia
Apr 2007,Apartment,271800,British_Columbia
May 2007,Composite,408700,British_Columbia
May 2007,Single_family,510000,British_Columbia
May 2007,One_storey,403600,British_Columbia
May 2007,Two_storey,638000,British_Columbia
May 2007,Townhouse,333700,British_Columbia
May 2007,Apartment,274300,British_Columbia
Jun 2007,Composite,412900,British_Columbia
Jun 2007,Single_family,515200,British_Columbia
Jun 2007,One_storey,407800,British_Columbia
Jun 2007,Two_storey,644800,British_Columbia
Jun 2007,Townhouse,336100,British_Columbia
Jun 2007,Apartment,276600,British_Columbia
Jul 2007,Composite,417100,British_Columbia
Jul 2007,Single_family,520000,British_Columbia
Jul 2007,One_storey,412500,British_Columbia
Jul 2007,Two_storey,650000,British_Columbia
Jul 2007,Townhouse,338400,British_Columbia
Jul 2007,Apartment,280100,British_Columbia
Aug 2007,Composite,420800,British_Columbia
Aug 2007,Single_family,523700,British_Columbia
Aug 2007,One_storey,415500,British_Columbia
Aug 2007,Two_storey,655000,British_Columbia
Aug 2007,Townhouse,341800,British_Columbia
Aug 2007,Apartment,283600,British_Columbia
Sep 2007,Composite,424900,British_Columbia
Sep 2007,Single_family,528900,British_Columbia
Sep 2007,One_storey,420600,British_Columbia
Sep 2007,Two_storey,660900,British_Columbia
Sep 2007,Townhouse,344400,British_Columbia
Sep 2007,Apartment,286700,British_Columbia
Oct 2007,Composite,429700,British_Columbia
Oct 2007,Single_family,534400,British_Columbia
Oct 2007,One_storey,425000,British_Columbia
Oct 2007,Two_storey,668200,British_Columbia
Oct 2007,Townhouse,347800,British_Columbia
Oct 2007,Apartment,290200,British_Columbia
Nov 2007,Composite,434300,British_Columbia
Nov 2007,Single_family,539800,British_Columbia
Nov 2007,One_storey,429000,British_Columbia
Nov 2007,Two_storey,675500,British_Columbia
Nov 2007,Townhouse,351500,British_Columbia
Nov 2007,Apartment,294000,British_Columbia
Dec 2007,Composite,439400,British_Columbia
Dec 2007,Single_family,544500,British_Columbia
Dec 2007,One_storey,431800,British_Columbia
Dec 2007,Two_storey,682900,British_Columbia
Dec 2007,Townhouse,356600,British_Columbia
Dec 2007,Apartment,297900,British_Columbia
Jan 2008,Composite,442000,British_Columbia
Jan 2008,Single_family,548100,British_Columbia
Jan 2008,One_storey,434700,British_Columbia
Jan 2008,Two_storey,687100,British_Columbia
Jan 2008,Townhouse,359400,British_Columbia
Jan 2008,Apartment,300500,British_Columbia
Feb 2008,Composite,443600,British_Columbia
Feb 2008,Single_family,551100,British_Columbia
Feb 2008,One_storey,436900,British_Columbia
Feb 2008,Two_storey,691100,British_Columbia
Feb 2008,Townhouse,360600,British_Columbia
Feb 2008,Apartment,300400,British_Columbia
Mar 2008,Composite,446200,British_Columbia
Mar 2008,Single_family,555000,British_Columbia
Mar 2008,One_storey,439800,British_Columbia
Mar 2008,Two_storey,695600,British_Columbia
Mar 2008,Townhouse,363000,British_Columbia
Mar 2008,Apartment,300800,British_Columbia
Apr 2008,Composite,444600,British_Columbia
Apr 2008,Single_family,552300,British_Columbia
Apr 2008,One_storey,437700,British_Columbia
Apr 2008,Two_storey,692400,British_Columbia
Apr 2008,Townhouse,363300,British_Columbia
Apr 2008,Apartment,300600,British_Columbia
May 2008,Composite,442500,British_Columbia
May 2008,Single_family,550100,British_Columbia
May 2008,One_storey,435700,British_Columbia
May 2008,Two_storey,689800,British_Columbia
May 2008,Townhouse,362900,British_Columbia
May 2008,Apartment,298600,British_Columbia
Jun 2008,Composite,441300,British_Columbia
Jun 2008,Single_family,549200,British_Columbia
Jun 2008,One_storey,434500,British_Columbia
Jun 2008,Two_storey,689100,British_Columbia
Jun 2008,Townhouse,362400,British_Columbia
Jun 2008,Apartment,297000,British_Columbia
Jul 2008,Composite,436600,British_Columbia
Jul 2008,Single_family,543100,British_Columbia
Jul 2008,One_storey,430300,British_Columbia
Jul 2008,Two_storey,680900,British_Columbia
Jul 2008,Townhouse,360100,British_Columbia
Jul 2008,Apartment,294400,British_Columbia
Aug 2008,Composite,431600,British_Columbia
Aug 2008,Single_family,536700,British_Columbia
Aug 2008,One_storey,425700,British_Columbia
Aug 2008,Two_storey,672300,British_Columbia
Aug 2008,Townhouse,357000,British_Columbia
Aug 2008,Apartment,291600,British_Columbia
Sep 2008,Composite,426600,British_Columbia
Sep 2008,Single_family,530000,British_Columbia
Sep 2008,One_storey,420100,British_Columbia
Sep 2008,Two_storey,664300,British_Columbia
Sep 2008,Townhouse,354100,British_Columbia
Sep 2008,Apartment,289400,British_Columbia
Oct 2008,Composite,418800,British_Columbia
Oct 2008,Single_family,520700,British_Columbia
Oct 2008,One_storey,412600,British_Columbia
Oct 2008,Two_storey,652700,British_Columbia
Oct 2008,Townhouse,348800,British_Columbia
Oct 2008,Apartment,282900,British_Columbia
Nov 2008,Composite,411200,British_Columbia
Nov 2008,Single_family,511600,British_Columbia
Nov 2008,One_storey,405000,British_Columbia
Nov 2008,Two_storey,641400,British_Columbia
Nov 2008,Townhouse,342200,British_Columbia
Nov 2008,Apartment,276700,British_Columbia
Dec 2008,Composite,403600,British_Columbia
Dec 2008,Single_family,503300,British_Columbia
Dec 2008,One_storey,398900,British_Columbia
Dec 2008,Two_storey,630400,British_Columbia
Dec 2008,Townhouse,332300,British_Columbia
Dec 2008,Apartment,271000,British_Columbia
Jan 2009,Composite,399100,British_Columbia
Jan 2009,Single_family,497600,British_Columbia
Jan 2009,One_storey,393800,British_Columbia
Jan 2009,Two_storey,623800,British_Columbia
Jan 2009,Townhouse,331100,British_Columbia
Jan 2009,Apartment,267200,British_Columbia
Feb 2009,Composite,394400,British_Columbia
Feb 2009,Single_family,490800,British_Columbia
Feb 2009,One_storey,388100,British_Columbia
Feb 2009,Two_storey,616100,British_Columbia
Feb 2009,Townhouse,328700,British_Columbia
Feb 2009,Apartment,264500,British_Columbia
Mar 2009,Composite,390000,British_Columbia
Mar 2009,Single_family,484500,British_Columbia
Mar 2009,One_storey,381700,British_Columbia
Mar 2009,Two_storey,609200,British_Columbia
Mar 2009,Townhouse,325400,British_Columbia
Mar 2009,Apartment,263800,British_Columbia
Apr 2009,Composite,392700,British_Columbia
Apr 2009,Single_family,488700,British_Columbia
Apr 2009,One_storey,385000,British_Columbia
Apr 2009,Two_storey,613700,British_Columbia
Apr 2009,Townhouse,325600,British_Columbia
Apr 2009,Apartment,265900,British_Columbia
May 2009,Composite,395400,British_Columbia
May 2009,Single_family,491500,British_Columbia
May 2009,One_storey,384400,British_Columbia
May 2009,Two_storey,619200,British_Columbia
May 2009,Townhouse,327400,British_Columbia
May 2009,Apartment,269900,British_Columbia
Jun 2009,Composite,400500,British_Columbia
Jun 2009,Single_family,498200,British_Columbia
Jun 2009,One_storey,389300,British_Columbia
Jun 2009,Two_storey,626700,British_Columbia
Jun 2009,Townhouse,328900,British_Columbia
Jun 2009,Apartment,275000,British_Columbia
Jul 2009,Composite,407900,British_Columbia
Jul 2009,Single_family,508100,British_Columbia
Jul 2009,One_storey,395600,British_Columbia
Jul 2009,Two_storey,639500,British_Columbia
Jul 2009,Townhouse,334600,British_Columbia
Jul 2009,Apartment,279500,British_Columbia
Aug 2009,Composite,415600,British_Columbia
Aug 2009,Single_family,519200,British_Columbia
Aug 2009,One_storey,401900,British_Columbia
Aug 2009,Two_storey,654200,British_Columbia
Aug 2009,Townhouse,338000,British_Columbia
Aug 2009,Apartment,283500,British_Columbia
Sep 2009,Composite,423900,British_Columbia
Sep 2009,Single_family,530400,British_Columbia
Sep 2009,One_storey,408500,British_Columbia
Sep 2009,Two_storey,669500,British_Columbia
Sep 2009,Townhouse,344000,British_Columbia
Sep 2009,Apartment,289200,British_Columbia
Oct 2009,Composite,430800,British_Columbia
Oct 2009,Single_family,540000,British_Columbia
Oct 2009,One_storey,414700,British_Columbia
Oct 2009,Two_storey,682300,British_Columbia
Oct 2009,Townhouse,348600,British_Columbia
Oct 2009,Apartment,292900,British_Columbia
Nov 2009,Composite,438400,British_Columbia
Nov 2009,Single_family,549900,British_Columbia
Nov 2009,One_storey,422100,British_Columbia
Nov 2009,Two_storey,693900,British_Columbia
Nov 2009,Townhouse,354300,British_Columbia
Nov 2009,Apartment,297900,British_Columbia
Dec 2009,Composite,444700,British_Columbia
Dec 2009,Single_family,558600,British_Columbia
Dec 2009,One_storey,427600,British_Columbia
Dec 2009,Two_storey,705500,British_Columbia
Dec 2009,Townhouse,357800,British_Columbia
Dec 2009,Apartment,302200,British_Columbia
Jan 2010,Composite,449500,British_Columbia
Jan 2010,Single_family,564900,British_Columbia
Jan 2010,One_storey,431000,British_Columbia
Jan 2010,Two_storey,714600,British_Columbia
Jan 2010,Townhouse,364400,British_Columbia
Jan 2010,Apartment,304000,British_Columbia
Feb 2010,Composite,451700,British_Columbia
Feb 2010,Single_family,568300,British_Columbia
Feb 2010,One_storey,433900,British_Columbia
Feb 2010,Two_storey,718900,British_Columbia
Feb 2010,Townhouse,363800,British_Columbia
Feb 2010,Apartment,304900,British_Columbia
Mar 2010,Composite,455600,British_Columbia
Mar 2010,Single_family,574100,British_Columbia
Mar 2010,One_storey,435400,British_Columbia
Mar 2010,Two_storey,727600,British_Columbia
Mar 2010,Townhouse,366900,British_Columbia
Mar 2010,Apartment,306100,British_Columbia
Apr 2010,Composite,457100,British_Columbia
Apr 2010,Single_family,576500,British_Columbia
Apr 2010,One_storey,436300,British_Columbia
Apr 2010,Two_storey,731300,British_Columbia
Apr 2010,Townhouse,367900,British_Columbia
Apr 2010,Apartment,306600,British_Columbia
May 2010,Composite,457400,British_Columbia
May 2010,Single_family,578000,British_Columbia
May 2010,One_storey,437300,British_Columbia
May 2010,Two_storey,732500,British_Columbia
May 2010,Townhouse,367300,British_Columbia
May 2010,Apartment,305400,British_Columbia
Jun 2010,Composite,455600,British_Columbia
Jun 2010,Single_family,575700,British_Columbia
Jun 2010,One_storey,434400,British_Columbia
Jun 2010,Two_storey,730300,British_Columbia
Jun 2010,Townhouse,367900,British_Columbia
Jun 2010,Apartment,303000,British_Columbia
Jul 2010,Composite,454000,British_Columbia
Jul 2010,Single_family,574900,British_Columbia
Jul 2010,One_storey,432000,British_Columbia
Jul 2010,Two_storey,730800,British_Columbia
Jul 2010,Townhouse,365700,British_Columbia
Jul 2010,Apartment,300900,British_Columbia
Aug 2010,Composite,453700,British_Columbia
Aug 2010,Single_family,575300,British_Columbia
Aug 2010,One_storey,430400,British_Columbia
Aug 2010,Two_storey,731500,British_Columbia
Aug 2010,Townhouse,363900,British_Columbia
Aug 2010,Apartment,300600,British_Columbia
Sep 2010,Composite,453200,British_Columbia
Sep 2010,Single_family,574700,British_Columbia
Sep 2010,One_storey,429300,British_Columbia
Sep 2010,Two_storey,731100,British_Columbia
Sep 2010,Townhouse,362700,British_Columbia
Sep 2010,Apartment,301500,British_Columbia
Oct 2010,Composite,457500,British_Columbia
Oct 2010,Single_family,580600,British_Columbia
Oct 2010,One_storey,432100,British_Columbia
Oct 2010,Two_storey,738900,British_Columbia
Oct 2010,Townhouse,362600,British_Columbia
Oct 2010,Apartment,304200,British_Columbia
Nov 2010,Composite,460600,British_Columbia
Nov 2010,Single_family,585500,British_Columbia
Nov 2010,One_storey,432100,British_Columbia
Nov 2010,Two_storey,747700,British_Columbia
Nov 2010,Townhouse,363000,British_Columbia
Nov 2010,Apartment,305300,British_Columbia
Dec 2010,Composite,465200,British_Columbia
Dec 2010,Single_family,591500,British_Columbia
Dec 2010,One_storey,432000,British_Columbia
Dec 2010,Two_storey,758900,British_Columbia
Dec 2010,Townhouse,366700,British_Columbia
Dec 2010,Apartment,307600,British_Columbia
Jan 2011,Composite,470900,British_Columbia
Jan 2011,Single_family,600800,British_Columbia
Jan 2011,One_storey,436200,British_Columbia
Jan 2011,Two_storey,772100,British_Columbia
Jan 2011,Townhouse,367800,British_Columbia
Jan 2011,Apartment,309800,British_Columbia
Feb 2011,Composite,478700,British_Columbia
Feb 2011,Single_family,612200,British_Columbia
Feb 2011,One_storey,441900,British_Columbia
Feb 2011,Two_storey,789300,British_Columbia
Feb 2011,Townhouse,370700,British_Columbia
Feb 2011,Apartment,312400,British_Columbia
Mar 2011,Composite,482800,British_Columbia
Mar 2011,Single_family,619100,British_Columbia
Mar 2011,One_storey,444500,British_Columbia
Mar 2011,Two_storey,798400,British_Columbia
Mar 2011,Townhouse,371600,British_Columbia
Mar 2011,Apartment,313900,British_Columbia
Apr 2011,Composite,488300,British_Columbia
Apr 2011,Single_family,628600,British_Columbia
Apr 2011,One_storey,447200,British_Columbia
Apr 2011,Two_storey,812700,British_Columbia
Apr 2011,Townhouse,372800,British_Columbia
Apr 2011,Apartment,313200,British_Columbia
May 2011,Composite,495000,British_Columbia
May 2011,Single_family,639800,British_Columbia
May 2011,One_storey,452400,British_Columbia
May 2011,Two_storey,828200,British_Columbia
May 2011,Townhouse,373600,British_Columbia
May 2011,Apartment,314500,British_Columbia
Jun 2011,Composite,499100,British_Columbia
Jun 2011,Single_family,647100,British_Columbia
Jun 2011,One_storey,454400,British_Columbia
Jun 2011,Two_storey,840100,British_Columbia
Jun 2011,Townhouse,374000,British_Columbia
Jun 2011,Apartment,315100,British_Columbia
Jul 2011,Composite,503900,British_Columbia
Jul 2011,Single_family,654700,British_Columbia
Jul 2011,One_storey,457600,British_Columbia
Jul 2011,Two_storey,851700,British_Columbia
Jul 2011,Townhouse,375800,British_Columbia
Jul 2011,Apartment,315800,British_Columbia
Aug 2011,Composite,507600,British_Columbia
Aug 2011,Single_family,660600,British_Columbia
Aug 2011,One_storey,458500,British_Columbia
Aug 2011,Two_storey,860700,British_Columbia
Aug 2011,Townhouse,378100,British_Columbia
Aug 2011,Apartment,315700,British_Columbia
Sep 2011,Composite,507800,British_Columbia
Sep 2011,Single_family,661800,British_Columbia
Sep 2011,One_storey,459300,British_Columbia
Sep 2011,Two_storey,862200,British_Columbia
Sep 2011,Townhouse,377100,British_Columbia
Sep 2011,Apartment,315100,British_Columbia
Oct 2011,Composite,510400,British_Columbia
Oct 2011,Single_family,666000,British_Columbia
Oct 2011,One_storey,461100,British_Columbia
Oct 2011,Two_storey,867200,British_Columbia
Oct 2011,Townhouse,378700,British_Columbia
Oct 2011,Apartment,315000,British_Columbia
Nov 2011,Composite,512900,British_Columbia
Nov 2011,Single_family,669500,British_Columbia
Nov 2011,One_storey,464500,British_Columbia
Nov 2011,Two_storey,870600,British_Columbia
Nov 2011,Townhouse,379100,British_Columbia
Nov 2011,Apartment,317300,British_Columbia
Dec 2011,Composite,513300,British_Columbia
Dec 2011,Single_family,670400,British_Columbia
Dec 2011,One_storey,466000,British_Columbia
Dec 2011,Two_storey,870700,British_Columbia
Dec 2011,Townhouse,376800,British_Columbia
Dec 2011,Apartment,318200,British_Columbia
Jan 2012,Composite,513200,British_Columbia
Jan 2012,Single_family,671000,British_Columbia
Jan 2012,One_storey,466300,British_Columbia
Jan 2012,Two_storey,871400,British_Columbia
Jan 2012,Townhouse,375800,British_Columbia
Jan 2012,Apartment,317900,British_Columbia
Feb 2012,Composite,515100,British_Columbia
Feb 2012,Single_family,674500,British_Columbia
Feb 2012,One_storey,464800,British_Columbia
Feb 2012,Two_storey,881000,British_Columbia
Feb 2012,Townhouse,377100,British_Columbia
Feb 2012,Apartment,316700,British_Columbia
Mar 2012,Composite,515100,British_Columbia
Mar 2012,Single_family,674400,British_Columbia
Mar 2012,One_storey,467000,British_Columbia
Mar 2012,Two_storey,876600,British_Columbia
Mar 2012,Townhouse,377000,British_Columbia
Mar 2012,Apartment,316900,British_Columbia
Apr 2012,Composite,513300,British_Columbia
Apr 2012,Single_family,670800,British_Columbia
Apr 2012,One_storey,466100,British_Columbia
Apr 2012,Two_storey,871300,British_Columbia
Apr 2012,Townhouse,377100,British_Columbia
Apr 2012,Apartment,316100,British_Columbia
May 2012,Composite,510100,British_Columbia
May 2012,Single_family,665900,British_Columbia
May 2012,One_storey,466000,British_Columbia
May 2012,Two_storey,863100,British_Columbia
May 2012,Townhouse,375400,British_Columbia
May 2012,Apartment,314400,British_Columbia
Jun 2012,Composite,506800,British_Columbia
Jun 2012,Single_family,660700,British_Columbia
Jun 2012,One_storey,463200,British_Columbia
Jun 2012,Two_storey,856500,British_Columbia
Jun 2012,Townhouse,373500,British_Columbia
Jun 2012,Apartment,312800,British_Columbia
Jul 2012,Composite,501800,British_Columbia
Jul 2012,Single_family,653900,British_Columbia
Jul 2012,One_storey,459400,British_Columbia
Jul 2012,Two_storey,848800,British_Columbia
Jul 2012,Townhouse,369900,British_Columbia
Jul 2012,Apartment,309700,British_Columbia
Aug 2012,Composite,501400,British_Columbia
Aug 2012,Single_family,653300,British_Columbia
Aug 2012,One_storey,460200,British_Columbia
Aug 2012,Two_storey,847300,British_Columbia
Aug 2012,Townhouse,368800,British_Columbia
Aug 2012,Apartment,310400,British_Columbia
Sep 2012,Composite,500400,British_Columbia
Sep 2012,Single_family,652700,British_Columbia
Sep 2012,One_storey,458900,British_Columbia
Sep 2012,Two_storey,848600,British_Columbia
Sep 2012,Townhouse,367900,British_Columbia
Sep 2012,Apartment,308400,British_Columbia
Oct 2012,Composite,499800,British_Columbia
Oct 2012,Single_family,650400,British_Columbia
Oct 2012,One_storey,458500,British_Columbia
Oct 2012,Two_storey,844300,British_Columbia
Oct 2012,Townhouse,367600,British_Columbia
Oct 2012,Apartment,308400,British_Columbia
Nov 2012,Composite,498100,British_Columbia
Nov 2012,Single_family,647600,British_Columbia
Nov 2012,One_storey,455300,British_Columbia
Nov 2012,Two_storey,842600,British_Columbia
Nov 2012,Townhouse,368500,British_Columbia
Nov 2012,Apartment,306700,British_Columbia
Dec 2012,Composite,498200,British_Columbia
Dec 2012,Single_family,646500,British_Columbia
Dec 2012,One_storey,455500,British_Columbia
Dec 2012,Two_storey,840100,British_Columbia
Dec 2012,Townhouse,369600,British_Columbia
Dec 2012,Apartment,306700,British_Columbia
Jan 2013,Composite,495200,British_Columbia
Jan 2013,Single_family,641600,British_Columbia
Jan 2013,One_storey,450900,British_Columbia
Jan 2013,Two_storey,835200,British_Columbia
Jan 2013,Townhouse,372000,British_Columbia
Jan 2013,Apartment,305100,British_Columbia
Feb 2013,Composite,496100,British_Columbia
Feb 2013,Single_family,642600,British_Columbia
Feb 2013,One_storey,450100,British_Columbia
Feb 2013,Two_storey,839900,British_Columbia
Feb 2013,Townhouse,369000,British_Columbia
Feb 2013,Apartment,307100,British_Columbia
Mar 2013,Composite,493700,British_Columbia
Mar 2013,Single_family,639600,British_Columbia
Mar 2013,One_storey,450100,British_Columbia
Mar 2013,Two_storey,831900,British_Columbia
Mar 2013,Townhouse,366800,British_Columbia
Mar 2013,Apartment,305800,British_Columbia
Apr 2013,Composite,494700,British_Columbia
Apr 2013,Single_family,641800,British_Columbia
Apr 2013,One_storey,450000,British_Columbia
Apr 2013,Two_storey,835900,British_Columbia
Apr 2013,Townhouse,365500,British_Columbia
Apr 2013,Apartment,305600,British_Columbia
May 2013,Composite,494300,British_Columbia
May 2013,Single_family,640000,British_Columbia
May 2013,One_storey,446100,British_Columbia
May 2013,Two_storey,835900,British_Columbia
May 2013,Townhouse,365800,British_Columbia
May 2013,Apartment,306300,British_Columbia
Jun 2013,Composite,495800,British_Columbia
Jun 2013,Single_family,642200,British_Columbia
Jun 2013,One_storey,448200,British_Columbia
Jun 2013,Two_storey,838100,British_Columbia
Jun 2013,Townhouse,365100,British_Columbia
Jun 2013,Apartment,307000,British_Columbia
Jul 2013,Composite,498100,British_Columbia
Jul 2013,Single_family,644400,British_Columbia
Jul 2013,One_storey,449600,British_Columbia
Jul 2013,Two_storey,841400,British_Columbia
Jul 2013,Townhouse,366100,British_Columbia
Jul 2013,Apartment,309600,British_Columbia
Aug 2013,Composite,500800,British_Columbia
Aug 2013,Single_family,648500,British_Columbia
Aug 2013,One_storey,452900,British_Columbia
Aug 2013,Two_storey,845600,British_Columbia
Aug 2013,Townhouse,366800,British_Columbia
Aug 2013,Apartment,309900,British_Columbia
Sep 2013,Composite,504600,British_Columbia
Sep 2013,Single_family,653300,British_Columbia
Sep 2013,One_storey,457200,British_Columbia
Sep 2013,Two_storey,851100,British_Columbia
Sep 2013,Townhouse,368700,British_Columbia
Sep 2013,Apartment,312400,British_Columbia
Oct 2013,Composite,506500,British_Columbia
Oct 2013,Single_family,657800,British_Columbia
Oct 2013,One_storey,457100,British_Columbia
Oct 2013,Two_storey,858300,British_Columbia
Oct 2013,Townhouse,369700,British_Columbia
Oct 2013,Apartment,310400,British_Columbia
Nov 2013,Composite,509500,British_Columbia
Nov 2013,Single_family,661900,British_Columbia
Nov 2013,One_storey,459200,British_Columbia
Nov 2013,Two_storey,864300,British_Columbia
Nov 2013,Townhouse,370200,British_Columbia
Nov 2013,Apartment,312400,British_Columbia
Dec 2013,Composite,512200,British_Columbia
Dec 2013,Single_family,666300,British_Columbia
Dec 2013,One_storey,462400,British_Columbia
Dec 2013,Two_storey,870900,British_Columbia
Dec 2013,Townhouse,371800,British_Columbia
Dec 2013,Apartment,312100,British_Columbia
Jan 2014,Composite,514100,British_Columbia
Jan 2014,Single_family,669500,British_Columbia
Jan 2014,One_storey,467300,British_Columbia
Jan 2014,Two_storey,874100,British_Columbia
Jan 2014,Townhouse,372600,British_Columbia
Jan 2014,Apartment,313900,British_Columbia
Feb 2014,Composite,512800,British_Columbia
Feb 2014,Single_family,666100,British_Columbia
Feb 2014,One_storey,463700,British_Columbia
Feb 2014,Two_storey,871800,British_Columbia
Feb 2014,Townhouse,372600,British_Columbia
Feb 2014,Apartment,314500,British_Columbia
Mar 2014,Composite,511900,British_Columbia
Mar 2014,Single_family,664200,British_Columbia
Mar 2014,One_storey,459300,British_Columbia
Mar 2014,Two_storey,871500,British_Columbia
Mar 2014,Townhouse,373300,British_Columbia
Mar 2014,Apartment,313800,British_Columbia
Apr 2014,Composite,510800,British_Columbia
Apr 2014,Single_family,662200,British_Columbia
Apr 2014,One_storey,459200,British_Columbia
Apr 2014,Two_storey,868000,British_Columbia
Apr 2014,Townhouse,373600,British_Columbia
Apr 2014,Apartment,313900,British_Columbia
May 2014,Composite,510400,British_Columbia
May 2014,Single_family,661300,British_Columbia
May 2014,One_storey,458900,British_Columbia
May 2014,Two_storey,866600,British_Columbia
May 2014,Townhouse,372600,British_Columbia
May 2014,Apartment,314600,British_Columbia
Jun 2014,Composite,511400,British_Columbia
Jun 2014,Single_family,662600,British_Columbia
Jun 2014,One_storey,459700,British_Columbia
Jun 2014,Two_storey,868500,British_Columbia
Jun 2014,Townhouse,375500,British_Columbia
Jun 2014,Apartment,314200,British_Columbia
Jul 2014,Composite,513600,British_Columbia
Jul 2014,Single_family,666100,British_Columbia
Jul 2014,One_storey,462100,British_Columbia
Jul 2014,Two_storey,873100,British_Columbia
Jul 2014,Townhouse,374900,British_Columbia
Jul 2014,Apartment,314800,British_Columbia
Aug 2014,Composite,516600,British_Columbia
Aug 2014,Single_family,669000,British_Columbia
Aug 2014,One_storey,464300,British_Columbia
Aug 2014,Two_storey,875600,British_Columbia
Aug 2014,Townhouse,376700,British_Columbia
Aug 2014,Apartment,318400,British_Columbia
Sep 2014,Composite,521900,British_Columbia
Sep 2014,Single_family,677300,British_Columbia
Sep 2014,One_storey,467700,British_Columbia
Sep 2014,Two_storey,887800,British_Columbia
Sep 2014,Townhouse,379700,British_Columbia
Sep 2014,Apartment,319400,British_Columbia
Oct 2014,Composite,527200,British_Columbia
Oct 2014,Single_family,683900,British_Columbia
Oct 2014,One_storey,469900,British_Columbia
Oct 2014,Two_storey,896400,British_Columbia
Oct 2014,Townhouse,382200,British_Columbia
Oct 2014,Apartment,323500,British_Columbia
Nov 2014,Composite,532400,British_Columbia
Nov 2014,Single_family,692200,British_Columbia
Nov 2014,One_storey,473900,British_Columbia
Nov 2014,Two_storey,907800,British_Columbia
Nov 2014,Townhouse,383700,British_Columbia
Nov 2014,Apartment,324900,British_Columbia
Dec 2014,Composite,536100,British_Columbia
Dec 2014,Single_family,699200,British_Columbia
Dec 2014,One_storey,477400,British_Columbia
Dec 2014,Two_storey,919400,British_Columbia
Dec 2014,Townhouse,381600,British_Columbia
Dec 2014,Apartment,325700,British_Columbia
Jan 2015,Composite,540400,British_Columbia
Jan 2015,Single_family,706200,British_Columbia
Jan 2015,One_storey,479100,British_Columbia
Jan 2015,Two_storey,931000,British_Columbia
Jan 2015,Townhouse,387700,British_Columbia
Jan 2015,Apartment,326300,British_Columbia
Feb 2015,Composite,544700,British_Columbia
Feb 2015,Single_family,713200,British_Columbia
Feb 2015,One_storey,484400,British_Columbia
Feb 2015,Two_storey,938700,British_Columbia
Feb 2015,Townhouse,388200,British_Columbia
Feb 2015,Apartment,326300,British_Columbia
Mar 2015,Composite,550900,British_Columbia
Mar 2015,Single_family,722700,British_Columbia
Mar 2015,One_storey,487900,British_Columbia
Mar 2015,Two_storey,951800,British_Columbia
Mar 2015,Townhouse,390800,British_Columbia
Mar 2015,Apartment,329200,British_Columbia
Apr 2015,Composite,556200,British_Columbia
Apr 2015,Single_family,731100,British_Columbia
Apr 2015,One_storey,492800,British_Columbia
Apr 2015,Two_storey,961300,British_Columbia
Apr 2015,Townhouse,391700,British_Columbia
Apr 2015,Apartment,330800,British_Columbia
May 2015,Composite,563800,British_Columbia
May 2015,Single_family,742800,British_Columbia
May 2015,One_storey,495900,British_Columbia
May 2015,Two_storey,979600,British_Columbia
May 2015,Townhouse,394800,British_Columbia
May 2015,Apartment,333400,British_Columbia
Jun 2015,Composite,572600,British_Columbia
Jun 2015,Single_family,756400,British_Columbia
Jun 2015,One_storey,502900,British_Columbia
Jun 2015,Two_storey,997800,British_Columbia
Jun 2015,Townhouse,396800,British_Columbia
Jun 2015,Apartment,335800,British_Columbia
Jul 2015,Composite,581200,British_Columbia
Jul 2015,Single_family,768800,British_Columbia
Jul 2015,One_storey,509500,British_Columbia
Jul 2015,Two_storey,1014800,British_Columbia
Jul 2015,Townhouse,400200,British_Columbia
Jul 2015,Apartment,339500,British_Columbia
Aug 2015,Composite,591700,British_Columbia
Aug 2015,Single_family,785900,British_Columbia
Aug 2015,One_storey,520500,British_Columbia
Aug 2015,Two_storey,1036200,British_Columbia
Aug 2015,Townhouse,403800,British_Columbia
Aug 2015,Apartment,342300,British_Columbia
Sep 2015,Composite,601600,British_Columbia
Sep 2015,Single_family,800400,British_Columbia
Sep 2015,One_storey,529600,British_Columbia
Sep 2015,Two_storey,1055400,British_Columbia
Sep 2015,Townhouse,408400,British_Columbia
Sep 2015,Apartment,348200,British_Columbia
Oct 2015,Composite,614800,British_Columbia
Oct 2015,Single_family,820100,British_Columbia
Oct 2015,One_storey,538200,British_Columbia
Oct 2015,Two_storey,1080300,British_Columbia
Oct 2015,Townhouse,415900,British_Columbia
Oct 2015,Apartment,353300,British_Columbia
Nov 2015,Composite,627000,British_Columbia
Nov 2015,Single_family,838600,British_Columbia
Nov 2015,One_storey,551200,British_Columbia
Nov 2015,Two_storey,1102600,British_Columbia
Nov 2015,Townhouse,421000,British_Columbia
Nov 2015,Apartment,358500,British_Columbia
Dec 2015,Composite,637800,British_Columbia
Dec 2015,Single_family,855200,British_Columbia
Dec 2015,One_storey,562200,British_Columbia
Dec 2015,Two_storey,1126100,British_Columbia
Dec 2015,Townhouse,427200,British_Columbia
Dec 2015,Apartment,362600,British_Columbia
Jan 2016,Composite,652700,British_Columbia
Jan 2016,Single_family,879000,British_Columbia
Jan 2016,One_storey,575500,British_Columbia
Jan 2016,Two_storey,1158600,British_Columbia
Jan 2016,Townhouse,433300,British_Columbia
Jan 2016,Apartment,369400,British_Columbia
Feb 2016,Composite,677900,British_Columbia
Feb 2016,Single_family,918600,British_Columbia
Feb 2016,One_storey,598500,British_Columbia
Feb 2016,Two_storey,1209100,British_Columbia
Feb 2016,Townhouse,440400,British_Columbia
Feb 2016,Apartment,378200,British_Columbia
Mar 2016,Composite,696300,British_Columbia
Mar 2016,Single_family,946200,British_Columbia
Mar 2016,One_storey,617600,British_Columbia
Mar 2016,Two_storey,1245300,British_Columbia
Mar 2016,Townhouse,451900,British_Columbia
Mar 2016,Apartment,384300,British_Columbia
Apr 2016,Composite,712200,British_Columbia
Apr 2016,Single_family,968300,British_Columbia
Apr 2016,One_storey,628500,British_Columbia
Apr 2016,Two_storey,1277900,British_Columbia
Apr 2016,Townhouse,463700,British_Columbia
Apr 2016,Apartment,393000,British_Columbia
May 2016,Composite,725900,British_Columbia
May 2016,Single_family,987200,British_Columbia
May 2016,One_storey,642000,British_Columbia
May 2016,Two_storey,1302600,British_Columbia
May 2016,Townhouse,475900,British_Columbia
May 2016,Apartment,400200,British_Columbia
Jun 2016,Composite,735900,British_Columbia
Jun 2016,Single_family,998700,British_Columbia
Jun 2016,One_storey,650100,British_Columbia
Jun 2016,Two_storey,1318500,British_Columbia
Jun 2016,Townhouse,486100,British_Columbia
Jun 2016,Apartment,410700,British_Columbia
Jul 2016,Composite,744500,British_Columbia
Jul 2016,Single_family,1008400,British_Columbia
Jul 2016,One_storey,657100,British_Columbia
Jul 2016,Two_storey,1333800,British_Columbia
Jul 2016,Townhouse,495200,British_Columbia
Jul 2016,Apartment,418800,British_Columbia
Aug 2016,Composite,743300,British_Columbia
Aug 2016,Single_family,1005400,British_Columbia
Aug 2016,One_storey,653900,British_Columbia
Aug 2016,Two_storey,1333500,British_Columbia
Aug 2016,Townhouse,502400,British_Columbia
Aug 2016,Apartment,419100,British_Columbia
Sep 2016,Composite,740000,British_Columbia
Sep 2016,Single_family,997600,British_Columbia
Sep 2016,One_storey,648200,British_Columbia
Sep 2016,Two_storey,1325700,British_Columbia
Sep 2016,Townhouse,505300,British_Columbia
Sep 2016,Apartment,423600,British_Columbia
Oct 2016,Composite,730900,British_Columbia
Oct 2016,Single_family,981700,British_Columbia
Oct 2016,One_storey,650800,British_Columbia
Oct 2016,Two_storey,1289800,British_Columbia
Oct 2016,Townhouse,504100,British_Columbia
Oct 2016,Apartment,423000,British_Columbia
Nov 2016,Composite,728500,British_Columbia
Nov 2016,Single_family,974300,British_Columbia
Nov 2016,One_storey,648100,British_Columbia
Nov 2016,Two_storey,1280200,British_Columbia
Nov 2016,Townhouse,509700,British_Columbia
Nov 2016,Apartment,426700,British_Columbia
Dec 2016,Composite,726100,British_Columbia
Dec 2016,Single_family,967300,British_Columbia
Dec 2016,One_storey,648500,British_Columbia
Dec 2016,Two_storey,1270200,British_Columbia
Dec 2016,Townhouse,512000,British_Columbia
Dec 2016,Apartment,432400,British_Columbia
Jan 2017,Composite,726300,British_Columbia
Jan 2017,Single_family,964500,British_Columbia
Jan 2017,One_storey,648800,British_Columbia
Jan 2017,Two_storey,1265600,British_Columbia
Jan 2017,Townhouse,519000,British_Columbia
Jan 2017,Apartment,438700,British_Columbia
Feb 2017,Composite,730300,British_Columbia
Feb 2017,Single_family,967400,British_Columbia
Feb 2017,One_storey,650400,British_Columbia
Feb 2017,Two_storey,1268700,British_Columbia
Feb 2017,Townhouse,526400,British_Columbia
Feb 2017,Apartment,446000,British_Columbia
Mar 2017,Composite,733900,British_Columbia
Mar 2017,Single_family,971100,British_Columbia
Mar 2017,One_storey,656000,British_Columbia
Mar 2017,Two_storey,1273100,British_Columbia
Mar 2017,Townhouse,530500,British_Columbia
Mar 2017,Apartment,453700,British_Columbia
Apr 2017,Composite,745700,British_Columbia
Apr 2017,Single_family,987200,British_Columbia
Apr 2017,One_storey,669700,British_Columbia
Apr 2017,Two_storey,1290900,British_Columbia
Apr 2017,Townhouse,537900,British_Columbia
Apr 2017,Apartment,464600,British_Columbia
May 2017,Composite,756500,British_Columbia
May 2017,Single_family,1001800,British_Columbia
May 2017,One_storey,682200,British_Columbia
May 2017,Two_storey,1309300,British_Columbia
May 2017,Townhouse,546300,British_Columbia
May 2017,Apartment,474300,British_Columbia
Jun 2017,Composite,764300,British_Columbia
Jun 2017,Single_family,1010600,British_Columbia
Jun 2017,One_storey,691500,British_Columbia
Jun 2017,Two_storey,1319400,British_Columbia
Jun 2017,Townhouse,555000,British_Columbia
Jun 2017,Apartment,483800,British_Columbia
Jul 2017,Composite,770200,British_Columbia
Jul 2017,Single_family,1016000,British_Columbia
Jul 2017,One_storey,697900,British_Columbia
Jul 2017,Two_storey,1325900,British_Columbia
Jul 2017,Townhouse,564900,British_Columbia
Jul 2017,Apartment,490400,British_Columbia
Aug 2017,Composite,772500,British_Columbia
Aug 2017,Single_family,1015200,British_Columbia
Aug 2017,One_storey,700000,British_Columbia
Aug 2017,Two_storey,1324600,British_Columbia
Aug 2017,Townhouse,572300,British_Columbia
Aug 2017,Apartment,500300,British_Columbia
Sep 2017,Composite,775600,British_Columbia
Sep 2017,Single_family,1017500,British_Columbia
Sep 2017,One_storey,706000,British_Columbia
Sep 2017,Two_storey,1325000,British_Columbia
Sep 2017,Townhouse,577300,British_Columbia
Sep 2017,Apartment,505700,British_Columbia
Oct 2017,Composite,780700,British_Columbia
Oct 2017,Single_family,1020900,British_Columbia
Oct 2017,One_storey,708700,British_Columbia
Oct 2017,Two_storey,1326100,British_Columbia
Oct 2017,Townhouse,586400,British_Columbia
Oct 2017,Apartment,515100,British_Columbia
Nov 2017,Composite,784400,British_Columbia
Nov 2017,Single_family,1023800,British_Columbia
Nov 2017,One_storey,711700,British_Columbia
Nov 2017,Two_storey,1331000,British_Columbia
Nov 2017,Townhouse,592000,British_Columbia
Nov 2017,Apartment,521300,British_Columbia
Dec 2017,Composite,788100,British_Columbia
Dec 2017,Single_family,1025200,British_Columbia
Dec 2017,One_storey,716600,British_Columbia
Dec 2017,Two_storey,1332400,British_Columbia
Dec 2017,Townhouse,600700,British_Columbia
Dec 2017,Apartment,529700,British_Columbia
Jan 2018,Composite,788300,British_Columbia
Jan 2018,Single_family,1022700,British_Columbia
Jan 2018,One_storey,721500,British_Columbia
Jan 2018,Two_storey,1324100,British_Columbia
Jan 2018,Townhouse,602400,British_Columbia
Jan 2018,Apartment,535900,British_Columbia
Feb 2018,Composite,784200,British_Columbia
Feb 2018,Single_family,1011700,British_Columbia
Feb 2018,One_storey,717400,British_Columbia
Feb 2018,Two_storey,1307100,British_Columbia
Feb 2018,Townhouse,607200,British_Columbia
Feb 2018,Apartment,539700,British_Columbia
Mar 2018,Composite,778500,British_Columbia
Mar 2018,Single_family,996900,British_Columbia
Mar 2018,One_storey,712900,British_Columbia
Mar 2018,Two_storey,1285700,British_Columbia
Mar 2018,Townhouse,612500,British_Columbia
Mar 2018,Apartment,544600,British_Columbia
Apr 2018,Composite,772800,British_Columbia
Apr 2018,Single_family,989200,British_Columbia
Apr 2018,One_storey,708900,British_Columbia
Apr 2018,Two_storey,1275000,British_Columbia
Apr 2018,Townhouse,612700,British_Columbia
Apr 2018,Apartment,544000,British_Columbia
May 2018,Composite,767400,British_Columbia
May 2018,Single_family,979700,British_Columbia
May 2018,One_storey,706000,British_Columbia
May 2018,Two_storey,1260400,British_Columbia
May 2018,Townhouse,613600,British_Columbia
May 2018,Apartment,544700,British_Columbia
Jun 2018,Composite,763700,British_Columbia
Jun 2018,Single_family,975500,British_Columbia
Jun 2018,One_storey,702800,British_Columbia
Jun 2018,Two_storey,1258100,British_Columbia
Jun 2018,Townhouse,613100,British_Columbia
Jun 2018,Apartment,542500,British_Columbia
Jul 2018,Composite,759700,British_Columbia
Jul 2018,Single_family,968900,British_Columbia
Jul 2018,One_storey,701700,British_Columbia
Jul 2018,Two_storey,1248000,British_Columbia
Jul 2018,Townhouse,611600,British_Columbia
Jul 2018,Apartment,543700,British_Columbia
Aug 2018,Composite,753600,British_Columbia
Aug 2018,Single_family,963400,British_Columbia
Aug 2018,One_storey,698300,British_Columbia
Aug 2018,Two_storey,1242100,British_Columbia
Aug 2018,Townhouse,608300,British_Columbia
Aug 2018,Apartment,538100,British_Columbia
Sep 2018,Composite,747300,British_Columbia
Sep 2018,Single_family,955100,British_Columbia
Sep 2018,One_storey,698100,British_Columbia
Sep 2018,Two_storey,1227600,British_Columbia
Sep 2018,Townhouse,606500,British_Columbia
Sep 2018,Apartment,533500,British_Columbia
Oct 2018,Composite,743100,British_Columbia
Oct 2018,Single_family,949300,British_Columbia
Oct 2018,One_storey,694000,British_Columbia
Oct 2018,Two_storey,1218800,British_Columbia
Oct 2018,Townhouse,603500,British_Columbia
Oct 2018,Apartment,532400,British_Columbia
Nov 2018,Composite,734000,British_Columbia
Nov 2018,Single_family,938300,British_Columbia
Nov 2018,One_storey,687800,British_Columbia
Nov 2018,Two_storey,1205400,British_Columbia
Nov 2018,Townhouse,601500,British_Columbia
Nov 2018,Apartment,523600,British_Columbia
Dec 2018,Composite,725300,British_Columbia
Dec 2018,Single_family,925300,British_Columbia
Dec 2018,One_storey,676800,British_Columbia
Dec 2018,Two_storey,1193800,British_Columbia
Dec 2018,Townhouse,593900,British_Columbia
Dec 2018,Apartment,522100,British_Columbia
Jan 2019,Composite,712900,British_Columbia
Jan 2019,Single_family,907500,British_Columbia
Jan 2019,One_storey,668700,British_Columbia
Jan 2019,Two_storey,1167500,British_Columbia
Jan 2019,Townhouse,588400,British_Columbia
Jan 2019,Apartment,516200,British_Columbia
Feb 2019,Composite,699400,British_Columbia
Feb 2019,Single_family,889000,British_Columbia
Feb 2019,One_storey,654200,British_Columbia
Feb 2019,Two_storey,1148300,British_Columbia
Feb 2019,Townhouse,580900,British_Columbia
Feb 2019,Apartment,507500,British_Columbia
Mar 2019,Composite,688800,British_Columbia
Mar 2019,Single_family,875900,British_Columbia
Mar 2019,One_storey,649300,British_Columbia
Mar 2019,Two_storey,1128800,British_Columbia
Mar 2019,Townhouse,575000,British_Columbia
Mar 2019,Apartment,501700,British_Columbia
Apr 2019,Composite,683200,British_Columbia
Apr 2019,Single_family,868300,British_Columbia
Apr 2019,One_storey,644800,British_Columbia
Apr 2019,Two_storey,1117700,British_Columbia
Apr 2019,Townhouse,575200,British_Columbia
Apr 2019,Apartment,498200,British_Columbia
May 2019,Composite,678000,British_Columbia
May 2019,Single_family,863200,British_Columbia
May 2019,One_storey,644600,British_Columbia
May 2019,Two_storey,1107800,British_Columbia
May 2019,Townhouse,573000,British_Columbia
May 2019,Apartment,493400,British_Columbia
Jun 2019,Composite,677000,British_Columbia
Jun 2019,Single_family,862800,British_Columbia
Jun 2019,One_storey,644600,British_Columbia
Jun 2019,Two_storey,1107400,British_Columbia
Jun 2019,Townhouse,571600,British_Columbia
Jun 2019,Apartment,492700,British_Columbia
Jul 2019,Composite,678900,British_Columbia
Jul 2019,Single_family,866100,British_Columbia
Jul 2019,One_storey,647900,British_Columbia
Jul 2019,Two_storey,1110100,British_Columbia
Jul 2019,Townhouse,573300,British_Columbia
Jul 2019,Apartment,493000,British_Columbia
Aug 2019,Composite,683700,British_Columbia
Aug 2019,Single_family,873400,British_Columbia
Aug 2019,One_storey,651800,British_Columbia
Aug 2019,Two_storey,1120000,British_Columbia
Aug 2019,Townhouse,578700,British_Columbia
Aug 2019,Apartment,495100,British_Columbia
Sep 2019,Composite,690700,British_Columbia
Sep 2019,Single_family,884400,British_Columbia
Sep 2019,One_storey,657600,British_Columbia
Sep 2019,Two_storey,1135600,British_Columbia
Sep 2019,Townhouse,581800,British_Columbia
Sep 2019,Apartment,499800,British_Columbia
Oct 2019,Composite,696300,British_Columbia
Oct 2019,Single_family,895100,British_Columbia
Oct 2019,One_storey,664000,British_Columbia
Oct 2019,Two_storey,1148100,British_Columbia
Oct 2019,Townhouse,584500,British_Columbia
Oct 2019,Apartment,502200,British_Columbia
Nov 2019,Composite,702100,British_Columbia
Nov 2019,Single_family,901400,British_Columbia
Nov 2019,One_storey,668900,British_Columbia
Nov 2019,Two_storey,1154400,British_Columbia
Nov 2019,Townhouse,587500,British_Columbia
Nov 2019,Apartment,508600,British_Columbia
Dec 2019,Composite,705500,British_Columbia
Dec 2019,Single_family,905700,British_Columbia
Dec 2019,One_storey,672300,British_Columbia
Dec 2019,Two_storey,1159300,British_Columbia
Dec 2019,Townhouse,592400,British_Columbia
Dec 2019,Apartment,512000,British_Columbia
Jan 2020,Composite,707500,British_Columbia
Jan 2020,Single_family,906900,British_Columbia
Jan 2020,One_storey,667800,British_Columbia
Jan 2020,Two_storey,1165500,British_Columbia
Jan 2020,Townhouse,596600,British_Columbia
Jan 2020,Apartment,514000,British_Columbia
Feb 2020,Composite,708900,British_Columbia
Feb 2020,Single_family,907600,British_Columbia
Feb 2020,One_storey,672400,British_Columbia
Feb 2020,Two_storey,1161100,British_Columbia
Feb 2020,Townhouse,594700,British_Columbia
Feb 2020,Apartment,516800,British_Columbia
Mar 2020,Composite,702400,British_Columbia
Mar 2020,Single_family,900800,British_Columbia
Mar 2020,One_storey,663600,British_Columbia
Mar 2020,Two_storey,1156300,British_Columbia
Mar 2020,Townhouse,588100,British_Columbia
Mar 2020,Apartment,511000,British_Columbia
Apr 2020,Composite,698400,British_Columbia
Apr 2020,Single_family,898400,British_Columbia
Apr 2020,One_storey,663200,British_Columbia
Apr 2020,Two_storey,1152200,British_Columbia
Apr 2020,Townhouse,582400,British_Columbia
Apr 2020,Apartment,506400,British_Columbia
May 2020,Composite,699700,British_Columbia
May 2020,Single_family,900700,British_Columbia
May 2020,One_storey,664000,British_Columbia
May 2020,Two_storey,1155300,British_Columbia
May 2020,Townhouse,582700,British_Columbia
May 2020,Apartment,506800,British_Columbia
Jun 2020,Composite,705800,British_Columbia
Jun 2020,Single_family,910800,British_Columbia
Jun 2020,One_storey,673100,British_Columbia
Jun 2020,Two_storey,1164600,British_Columbia
Jun 2020,Townhouse,588100,British_Columbia
Jun 2020,Apartment,507600,British_Columbia
Jul 2020,Composite,716800,British_Columbia
Jul 2020,Single_family,929100,British_Columbia
Jul 2020,One_storey,686500,British_Columbia
Jul 2020,Two_storey,1186800,British_Columbia
Jul 2020,Townhouse,596800,British_Columbia
Jul 2020,Apartment,509900,British_Columbia
Aug 2020,Composite,731400,British_Columbia
Aug 2020,Single_family,951000,British_Columbia
Aug 2020,One_storey,703900,British_Columbia
Aug 2020,Two_storey,1210500,British_Columbia
Aug 2020,Townhouse,605700,British_Columbia
Aug 2020,Apartment,516300,British_Columbia
Sep 2020,Composite,744200,British_Columbia
Sep 2020,Single_family,971100,British_Columbia
Sep 2020,One_storey,720100,British_Columbia
Sep 2020,Two_storey,1233800,British_Columbia
Sep 2020,Townhouse,614500,British_Columbia
Sep 2020,Apartment,520400,British_Columbia
Oct 2020,Composite,755000,British_Columbia
Oct 2020,Single_family,988200,British_Columbia
Oct 2020,One_storey,734600,British_Columbia
Oct 2020,Two_storey,1251000,British_Columbia
Oct 2020,Townhouse,622600,British_Columbia
Oct 2020,Apartment,522500,British_Columbia
Nov 2020,Composite,765400,British_Columbia
Nov 2020,Single_family,1005900,British_Columbia
Nov 2020,One_storey,748000,British_Columbia
Nov 2020,Two_storey,1271500,British_Columbia
Nov 2020,Townhouse,628300,British_Columbia
Nov 2020,Apartment,524300,British_Columbia
Dec 2020,Composite,775400,British_Columbia
Dec 2020,Single_family,1023700,British_Columbia
Dec 2020,One_storey,763300,British_Columbia
Dec 2020,Two_storey,1290400,British_Columbia
Dec 2020,Townhouse,636400,British_Columbia
Dec 2020,Apartment,527300,British_Columbia
Jan 2021,Composite,785000,British_Columbia
Jan 2021,Single_family,1042800,British_Columbia
Jan 2021,One_storey,778700,British_Columbia
Jan 2021,Two_storey,1310600,British_Columbia
Jan 2021,Townhouse,639700,British_Columbia
Jan 2021,Apartment,529500,British_Columbia
Feb 2021,Composite,802900,British_Columbia
Feb 2021,Single_family,1072600,British_Columbia
Feb 2021,One_storey,806400,British_Columbia
Feb 2021,Two_storey,1339500,British_Columbia
Feb 2021,Townhouse,652600,British_Columbia
Feb 2021,Apartment,533600,British_Columbia
Mar 2021,Composite,827400,British_Columbia
Mar 2021,Single_family,1112000,British_Columbia
Mar 2021,One_storey,834400,British_Columbia
Mar 2021,Two_storey,1386700,British_Columbia
Mar 2021,Townhouse,673600,British_Columbia
Mar 2021,Apartment,541800,British_Columbia
Apr 2021,Composite,849000,British_Columbia
Apr 2021,Single_family,1142700,British_Columbia
Apr 2021,One_storey,858700,British_Columbia
Apr 2021,Two_storey,1420800,British_Columbia
Apr 2021,Townhouse,692800,British_Columbia
Apr 2021,Apartment,552800,British_Columbia
May 2021,Composite,865500,British_Columbia
May 2021,Single_family,1168800,British_Columbia
May 2021,One_storey,877900,British_Columbia
May 2021,Two_storey,1451100,British_Columbia
May 2021,Townhouse,708000,British_Columbia
May 2021,Apartment,556000,British_Columbia
Jun 2021,Composite,878900,British_Columbia
Jun 2021,Single_family,1185300,British_Columbia
Jun 2021,One_storey,894600,British_Columbia
Jun 2021,Two_storey,1466700,British_Columbia
Jun 2021,Townhouse,725000,British_Columbia
Jun 2021,Apartment,563200,British_Columbia
Jul 2021,Composite,887800,British_Columbia
Jul 2021,Single_family,1198500,British_Columbia
Jul 2021,One_storey,907700,British_Columbia
Jul 2021,Two_storey,1479800,British_Columbia
Jul 2021,Townhouse,731300,British_Columbia
Jul 2021,Apartment,568700,British_Columbia
Aug 2021,Composite,903900,British_Columbia
Aug 2021,Single_family,1223100,British_Columbia
Aug 2021,One_storey,930500,British_Columbia
Aug 2021,Two_storey,1505100,British_Columbia
Aug 2021,Townhouse,745500,British_Columbia
Aug 2021,Apartment,577100,British_Columbia
Sep 2021,Composite,921200,British_Columbia
Sep 2021,Single_family,1248100,British_Columbia
Sep 2021,One_storey,947500,British_Columbia
Sep 2021,Two_storey,1537200,British_Columbia
Sep 2021,Townhouse,764200,British_Columbia
Sep 2021,Apartment,586800,British_Columbia
Oct 2021,Composite,942900,British_Columbia
Oct 2021,Single_family,1280500,British_Columbia
Oct 2021,One_storey,974000,British_Columbia
Oct 2021,Two_storey,1573900,British_Columbia
Oct 2021,Townhouse,783800,British_Columbia
Oct 2021,Apartment,597800,British_Columbia
Nov 2021,Composite,966000,British_Columbia
Nov 2021,Single_family,1315400,British_Columbia
Nov 2021,One_storey,1005300,British_Columbia
Nov 2021,Two_storey,1611600,British_Columbia
Nov 2021,Townhouse,807100,British_Columbia
Nov 2021,Apartment,608700,British_Columbia
Dec 2021,Composite,987800,British_Columbia
Dec 2021,Single_family,1351000,British_Columbia
Dec 2021,One_storey,1036300,British_Columbia
Dec 2021,Two_storey,1650300,British_Columbia
Dec 2021,Townhouse,826800,British_Columbia
Dec 2021,Apartment,618000,British_Columbia
Jan 2022,Composite,1017200,British_Columbia
Jan 2022,Single_family,1392500,British_Columbia
Jan 2022,One_storey,1073400,British_Columbia
Jan 2022,Two_storey,1695600,British_Columbia
Jan 2022,Townhouse,857700,British_Columbia
Jan 2022,Apartment,633100,British_Columbia
Feb 2022,Composite,1045800,British_Columbia
Feb 2022,Single_family,1431400,British_Columbia
Feb 2022,One_storey,1103000,British_Columbia
Feb 2022,Two_storey,1741100,British_Columbia
Feb 2022,Townhouse,884600,British_Columbia
Feb 2022,Apartment,650700,British_Columbia
Mar 2022,Composite,1054000,British_Columbia
Mar 2022,Single_family,1440500,British_Columbia
Mar 2022,One_storey,1101400,British_Columbia
Mar 2022,Two_storey,1759000,British_Columbia
Mar 2022,Townhouse,897100,British_Columbia
Mar 2022,Apartment,663600,British_Columbia
Apr 2022,Composite,1053000,British_Columbia
Apr 2022,Single_family,1437300,British_Columbia
Apr 2022,One_storey,1095400,British_Columbia
Apr 2022,Two_storey,1757600,British_Columbia
Apr 2022,Townhouse,899000,British_Columbia
Apr 2022,Apartment,664500,British_Columbia
May 2022,Composite,1047500,British_Columbia
May 2022,Single_family,1426200,British_Columbia
May 2022,One_storey,1084100,British_Columbia
May 2022,Two_storey,1747700,British_Columbia
May 2022,Townhouse,894800,British_Columbia
May 2022,Apartment,666300,British_Columbia
Jun 2022,Composite,1035100,British_Columbia
Jun 2022,Single_family,1410100,British_Columbia
Jun 2022,One_storey,1068400,British_Columbia
Jun 2022,Two_storey,1731400,British_Columbia
Jun 2022,Townhouse,880200,British_Columbia
Jun 2022,Apartment,662200,British_Columbia
Jul 2022,Composite,1021200,British_Columbia
Jul 2022,Single_family,1385700,British_Columbia
Jul 2022,One_storey,1047700,British_Columbia
Jul 2022,Two_storey,1705100,British_Columbia
Jul 2022,Townhouse,874400,British_Columbia
Jul 2022,Apartment,658300,British_Columbia
Aug 2022,Composite,1000300,British_Columbia
Aug 2022,Single_family,1353300,British_Columbia
Aug 2022,One_storey,1017300,British_Columbia
Aug 2022,Two_storey,1670700,British_Columbia
Aug 2022,Townhouse,858900,British_Columbia
Aug 2022,Apartment,649600,British_Columbia
Sep 2022,Composite,982400,British_Columbia
Sep 2022,Single_family,1324300,British_Columbia
Sep 2022,One_storey,997400,British_Columbia
Sep 2022,Two_storey,1634600,British_Columbia
Sep 2022,Townhouse,848300,British_Columbia
Sep 2022,Apartment,642700,British_Columbia
